{
  "H2": {
    "success": 107,
    "fail": 206,
    "avg": 0.34283865814696546,
    "accepted": 107,
    "rejected": 206
  },
  "H6": {
    "success": 50,
    "fail": 140,
    "avg": 0.2986710526315795,
    "accepted": 50,
    "rejected": 140
  },
  "H5": {
    "success": 112,
    "fail": 173,
    "avg": 0.38748456140350857,
    "accepted": 112,
    "rejected": 173
  },
  "H1": {
    "success": 107,
    "fail": 105,
    "avg": 0.4121962264150941,
    "accepted": 107,
    "rejected": 105
  },
  "H3": {
    "success": 93,
    "fail": 152,
    "avg": 0.3563742857142854,
    "accepted": 93,
    "rejected": 152
  },
  "H4": {
    "success": 37,
    "fail": 100,
    "avg": 0.3597846715328463,
    "accepted": 37,
    "rejected": 100
  }
}